DATE,Rate_High_School,Rate_Bachelors,Rate_Masters,Rate_Doctoral,Rate_Men,Rate_Women,Rate_Asian,Rate_Black,Rate_White,Rate_Latino,Rate_Overall
1/1/2000,3.4,1.8,1.6,1.4,3.9,4.1,4.0,8.2,3.4,5.6,4.0
2/1/2000,3.4,1.6,1.6,1.4,4.1,4.1,3.4,8.1,3.6,5.7,4.1
3/1/2000,3.3,1.7,1.7,0.9,3.8,4.3,4.1,7.4,3.5,6.1,4.0
4/1/2000,3.3,1.5,1.2,0.6,3.7,4.0,3.1,7.0,3.4,5.5,3.8
5/1/2000,3.4,1.6,1.0,0.8,3.9,4.2,3.5,7.7,3.5,5.8,4.0
6/1/2000,3.4,1.6,1.6,0.7,3.8,4.1,4.9,7.8,3.4,5.6,4.0
7/1/2000,3.4,1.7,2.3,0.7,3.9,4.2,4.1,7.7,3.5,5.8,4.0
8/1/2000,3.7,1.9,2.2,1.3,3.9,4.3,3.8,7.9,3.6,5.9,4.1
9/1/2000,3.5,1.9,2.1,0.7,3.9,4.0,3.3,7.3,3.5,5.8,3.9
10/1/2000,3.6,1.6,1.6,0.5,3.9,3.9,3.3,7.3,3.4,5.1,3.9
11/1/2000,3.5,1.5,1.4,0.9,3.9,4.0,3.3,7.3,3.5,6.0,3.9
12/1/2000,3.5,1.5,1.3,0.7,4.0,3.8,2.7,7.4,3.5,5.7,3.9
1/1/2001,3.8,1.6,1.4,0.4,4.2,4.1,3.8,8.2,3.6,5.8,4.2
2/1/2001,3.7,1.6,1.7,0.3,4.3,4.2,3.3,7.7,3.7,6.1,4.2
3/1/2001,3.8,2.0,1.7,0.7,4.3,4.2,3.2,8.3,3.7,6.2,4.3
4/1/2001,3.7,2.1,1.5,0.6,4.5,4.3,3.3,8.0,3.9,6.4,4.4
5/1/2001,3.9,2.1,1.7,0.9,4.4,4.2,3.6,7.9,3.8,6.3,4.3
6/1/2001,3.8,2.2,2.1,1.1,4.6,4.4,4.7,8.3,4.0,6.6,4.5
7/1/2001,4.1,2.2,2.7,1.6,4.6,4.5,4.5,8.0,4.0,6.2,4.6
8/1/2001,4.4,2.3,2.7,1.9,5.0,4.8,5.7,9.1,4.3,6.5,4.9
9/1/2001,4.4,2.5,2.5,1.0,4.9,5.0,5.5,8.9,4.3,6.7,5.0
10/1/2001,4.7,2.6,2.5,1.4,5.4,5.2,5.3,9.5,4.7,7.1,5.3
11/1/2001,5.0,2.9,2.6,1.3,5.7,5.4,5.4,9.8,4.9,7.3,5.5
12/1/2001,4.9,3.0,2.2,1.6,5.8,5.7,5.2,10.1,5.1,7.7,5.7
1/1/2002,5.3,2.9,2.6,1.6,5.8,5.5,5.6,10.0,5.1,7.8,5.7
2/1/2002,5.3,2.9,2.5,1.9,5.8,5.5,5.6,9.9,5.0,7.0,5.7
3/1/2002,5.4,2.8,2.0,1.6,5.9,5.6,5.6,10.5,5.0,7.5,5.7
4/1/2002,5.5,2.9,2.4,1.6,6.0,5.9,5.9,10.7,5.2,8.0,5.9
5/1/2002,5.5,2.9,2.6,2.0,5.8,5.7,5.9,10.2,5.1,7.1,5.8
6/1/2002,5.4,3.0,3.2,1.2,6.0,5.6,6.9,10.5,5.1,7.4,5.8
7/1/2002,5.1,3.0,3.7,1.6,5.9,5.7,6.2,9.8,5.2,7.4,5.8
8/1/2002,5.2,2.8,3.8,1.4,5.9,5.5,6.5,9.8,5.1,7.5,5.7
9/1/2002,5.0,2.9,3.4,1.7,5.9,5.5,5.4,9.7,5.1,7.4,5.7
10/1/2002,4.9,3.0,2.8,1.3,5.8,5.6,5.6,9.8,5.1,7.9,5.7
11/1/2002,5.2,2.9,2.7,1.3,6.1,5.6,5.6,10.7,5.1,7.8,5.9
12/1/2002,5.3,2.9,2.8,2.1,6.2,5.7,5.9,11.3,5.1,7.9,6.0
1/1/2003,5.2,3.0,2.7,1.7,6.2,5.4,5.6,10.5,5.2,7.9,5.8
2/1/2003,5.4,3.0,2.3,1.6,6.1,5.6,6.0,10.7,5.1,7.7,5.9
3/1/2003,5.5,3.1,2.5,2.6,6.1,5.7,6.5,10.3,5.1,7.8,5.9
4/1/2003,5.7,3.0,3.1,1.6,6.4,5.7,5.8,10.9,5.3,7.6,6.0
5/1/2003,5.6,3.0,3.0,1.8,6.4,5.7,5.1,10.9,5.4,8.0,6.1
6/1/2003,5.7,3.1,3.6,2.0,6.7,5.9,7.8,11.5,5.5,8.3,6.3
7/1/2003,5.4,3.1,3.3,2.1,6.6,5.7,6.2,10.9,5.4,8.0,6.2
8/1/2003,5.4,3.2,3.3,1.9,6.3,5.8,5.9,10.9,5.4,7.7,6.1
9/1/2003,5.3,3.2,3.2,3.1,6.4,5.8,6.2,11.1,5.3,7.3,6.1
10/1/2003,5.5,3.1,2.2,3.1,6.2,5.7,6.1,11.4,5.1,7.5,6.0
11/1/2003,5.3,3.1,2.6,2.3,6.2,5.4,5.2,10.2,5.2,7.4,5.8
12/1/2003,5.4,3.0,2.6,1.4,5.8,5.6,5.3,10.1,5.0,6.7,5.7
1/1/2004,4.9,2.9,2.7,1.9,5.7,5.7,5.2,10.4,5.0,7.3,5.7
2/1/2004,5.0,2.9,2.9,1.6,5.6,5.5,4.7,9.7,4.9,7.4,5.6
3/1/2004,5.3,2.9,2.4,2.2,5.8,5.8,4.2,10.3,5.1,7.6,5.8
4/1/2004,5.3,2.9,2.3,2.1,5.7,5.4,4.4,9.8,5.0,7.1,5.6
5/1/2004,5.1,2.9,2.7,1.8,5.8,5.4,4.2,10.1,4.9,6.9,5.6
6/1/2004,5.2,2.7,2.7,2.2,5.7,5.6,5.0,10.2,5.0,6.6,5.6
7/1/2004,5.0,2.6,2.9,2.1,5.5,5.5,4.3,11.0,4.7,6.8,5.5
8/1/2004,4.9,2.7,3.0,2.0,5.6,5.2,3.6,10.5,4.7,6.8,5.4
9/1/2004,4.7,2.6,2.5,1.8,5.6,5.2,4.3,10.3,4.6,6.8,5.4
10/1/2004,4.8,2.5,2.1,1.2,5.6,5.3,4.8,10.8,4.6,6.8,5.5
11/1/2004,4.8,2.5,2.2,1.5,5.5,5.2,4.2,10.7,4.6,6.7,5.4
12/1/2004,4.8,2.5,1.9,1.8,5.5,5.1,4.1,10.7,4.5,6.6,5.4
1/1/2005,4.7,2.4,2.1,1.6,5.4,5.1,4.2,10.6,4.5,6.0,5.3
2/1/2005,4.9,2.4,2.1,2.1,5.5,5.3,4.5,10.9,4.6,6.3,5.4
3/1/2005,4.7,2.4,2.0,1.4,5.3,5.1,3.9,10.5,4.5,5.8,5.2
4/1/2005,4.4,2.4,2.0,2.2,5.1,5.2,3.9,10.3,4.4,6.4,5.2
5/1/2005,4.5,2.4,1.7,2.0,5.0,5.2,3.9,10.1,4.4,6.0,5.1
6/1/2005,4.8,2.3,2.1,2.5,5.0,5.1,4.0,10.2,4.3,5.7,5.0
7/1/2005,4.8,2.3,2.8,1.3,4.9,5.1,5.2,9.2,4.2,5.5,5.0
8/1/2005,4.7,2.1,2.6,0.9,4.9,4.9,3.6,9.7,4.2,5.8,4.9
9/1/2005,4.9,2.3,2.2,1.6,5.0,5.1,4.1,9.4,4.4,6.4,5.0
10/1/2005,4.8,2.3,2.1,0.9,4.8,5.1,3.1,9.1,4.4,6.0,5.0
11/1/2005,4.8,2.3,1.6,1.5,5.0,5.1,3.6,10.6,4.3,6.1,5.0
12/1/2005,4.5,2.1,1.7,1.7,4.8,4.9,3.8,9.2,4.2,6.1,4.9
1/1/2006,4.4,2.1,1.5,1.8,4.6,4.8,3.2,8.9,4.1,5.5,4.7
2/1/2006,4.4,2.2,1.8,1.4,4.8,4.8,3.2,9.5,4.1,5.4,4.8
3/1/2006,4.1,2.2,1.6,1.5,4.7,4.7,3.4,9.5,4.0,5.2,4.7
4/1/2006,4.4,2.2,1.7,1.2,4.7,4.7,3.6,9.4,4.1,5.5,4.7
5/1/2006,4.3,2.1,1.6,1.3,4.7,4.5,3.0,8.7,4.1,5.0,4.6
6/1/2006,4.1,2.1,1.6,1.7,4.6,4.6,3.5,8.9,4.1,5.2,4.6
7/1/2006,4.5,2.0,2.3,1.3,4.7,4.7,2.7,9.5,4.1,5.2,4.7
8/1/2006,4.6,1.8,2.0,1.4,4.7,4.6,2.9,8.8,4.1,5.3,4.7
9/1/2006,4.1,2.1,2.1,1.2,4.4,4.7,2.8,9.0,3.9,5.5,4.5
10/1/2006,4.1,1.9,1.7,1.2,4.4,4.4,2.7,8.4,3.9,4.8,4.4
11/1/2006,4.3,1.8,1.6,1.4,4.5,4.5,3.2,8.5,4.0,5.1,4.5
12/1/2006,4.3,1.8,1.5,1.1,4.5,4.4,2.4,8.3,3.9,5.0,4.4
1/1/2007,4.3,2.1,1.7,1.3,4.7,4.5,3.2,7.9,4.2,5.5,4.6
2/1/2007,4.3,1.9,1.7,1.3,4.7,4.3,2.7,8.0,4.1,5.1,4.5
3/1/2007,4.0,1.8,1.8,0.6,4.5,4.3,3.0,8.4,3.8,5.0,4.4
4/1/2007,4.1,1.9,1.3,0.9,4.6,4.4,3.3,8.3,4.0,5.6,4.5
5/1/2007,4.4,2.0,1.6,0.5,4.6,4.3,2.9,8.3,3.9,5.8,4.4
6/1/2007,4.1,2.0,2.0,1.3,4.7,4.4,3.1,8.5,4.1,5.5,4.6
7/1/2007,4.6,2.1,2.3,1.2,4.7,4.6,3.0,8.1,4.2,5.9,4.7
8/1/2007,4.4,2.1,2.6,1.4,4.7,4.6,3.4,7.6,4.2,5.5,4.6
9/1/2007,4.5,2.0,1.9,1.7,4.8,4.5,3.2,8.0,4.2,5.9,4.7
10/1/2007,4.6,2.1,1.7,1.7,4.8,4.6,3.7,8.5,4.1,5.7,4.7
11/1/2007,4.5,2.2,1.7,2.5,4.8,4.6,3.6,8.5,4.2,5.9,4.7
12/1/2007,4.7,2.1,1.6,2.2,5.1,4.9,3.7,9.0,4.4,6.3,5.0
1/1/2008,4.7,2.1,1.8,1.7,5.2,4.8,3.2,9.1,4.4,6.3,5.0
2/1/2008,4.7,2.0,1.7,1.8,5.0,4.7,3.0,8.4,4.4,6.2,4.9
3/1/2008,5.1,2.1,1.6,1.7,5.2,5.0,3.6,9.2,4.5,6.9,5.1
4/1/2008,5.0,2.1,1.6,1.5,5.2,4.8,3.2,8.6,4.4,7.1,5.0
5/1/2008,5.0,2.2,2.2,1.7,5.6,5.2,3.8,9.6,4.8,6.9,5.4
6/1/2008,5.1,2.4,2.5,2.0,5.8,5.3,4.5,9.4,5.0,7.6,5.6
7/1/2008,5.4,2.5,2.7,2.4,6.2,5.3,4.0,10.0,5.2,7.5,5.8
8/1/2008,5.8,2.8,2.7,2.3,6.3,5.9,4.4,10.6,5.4,8.0,6.1
9/1/2008,6.2,2.6,2.4,2.0,6.7,5.5,3.8,11.3,5.4,8.0,6.1
10/1/2008,6.4,3.1,2.9,2.6,7.1,5.9,3.8,11.4,5.9,8.8,6.5
11/1/2008,7.0,3.2,3.0,2.4,7.4,6.2,4.8,11.5,6.2,8.7,6.8
12/1/2008,7.8,3.6,3.4,2.1,8.0,6.5,5.1,12.1,6.7,9.4,7.3
1/1/2009,8.2,3.9,3.5,2.6,8.6,7.0,6.2,12.7,7.1,10.1,7.8
2/1/2009,8.5,4.1,3.5,2.0,9.2,7.3,6.9,13.7,7.6,11.3,8.3
3/1/2009,9.2,4.3,3.6,1.8,9.7,7.6,6.4,13.7,8.0,11.7,8.7
4/1/2009,9.5,4.4,3.6,1.7,10.1,7.6,6.6,15.0,8.1,11.4,9.0
5/1/2009,10.0,4.8,3.3,2.7,10.6,8.0,6.7,15.0,8.5,12.3,9.4
6/1/2009,9.7,4.8,4.1,3.5,10.6,8.3,8.2,14.8,8.7,12.1,9.5
7/1/2009,9.5,4.8,5.0,3.6,10.5,8.3,8.3,14.8,8.7,12.5,9.5
8/1/2009,9.7,4.8,4.5,2.2,10.7,8.3,7.5,14.8,8.9,13.0,9.6
9/1/2009,10.6,5.0,4.2,2.8,10.9,8.5,7.4,15.3,8.9,12.6,9.8
10/1/2009,11.0,4.7,3.9,2.0,11.1,8.7,7.5,15.8,9.2,12.8,10.0
11/1/2009,10.3,4.8,4.2,2.0,11.0,8.6,7.3,15.7,9.2,12.4,9.9
12/1/2009,10.6,4.9,3.9,2.7,10.9,8.7,8.4,16.1,9.0,12.8,9.9
1/1/2010,10.2,4.9,4.4,1.9,11.0,8.4,8.4,16.5,8.8,12.9,9.8
2/1/2010,10.7,4.9,4.2,1.2,10.9,8.6,8.4,16.1,8.9,12.7,9.8
3/1/2010,11.0,4.9,3.9,1.4,10.9,8.7,7.5,16.8,8.9,12.9,9.9
4/1/2010,10.8,4.8,3.5,1.3,10.9,8.8,6.8,16.6,9.0,12.5,9.9
5/1/2010,10.9,4.6,3.3,1.5,10.4,8.8,7.5,15.5,8.7,12.0,9.6
6/1/2010,10.6,4.4,4.0,1.3,10.4,8.3,7.7,15.2,8.6,12.3,9.4
7/1/2010,10.0,4.5,4.9,1.9,10.3,8.5,8.2,15.6,8.5,12.2,9.4
8/1/2010,10.0,4.6,4.9,2.3,10.3,8.6,7.2,15.9,8.6,12.0,9.5
9/1/2010,9.7,4.5,4.4,2.8,10.2,8.6,6.4,16.0,8.6,12.3,9.5
10/1/2010,9.8,4.6,3.8,2.0,10.1,8.7,7.1,15.6,8.6,12.3,9.4
11/1/2010,10.0,5.0,3.9,2.5,10.5,9.0,7.6,16.2,8.9,12.9,9.8
12/1/2010,9.8,4.8,3.5,3.2,10.0,8.5,7.2,15.5,8.5,12.9,9.3
1/1/2011,9.5,4.3,3.7,2.6,9.7,8.5,6.9,15.8,8.1,12.3,9.1
2/1/2011,9.7,4.3,3.4,2.6,9.5,8.5,6.8,15.5,8.1,11.8,9.0
3/1/2011,9.7,4.4,3.6,2.7,9.5,8.4,7.1,15.8,8.0,11.6,9.0
4/1/2011,9.9,4.5,3.1,2.0,9.6,8.5,6.4,16.5,8.1,11.9,9.1
5/1/2011,9.6,4.5,3.8,1.7,9.5,8.5,7.0,16.3,7.9,11.6,9.0
6/1/2011,10.0,4.3,3.7,2.0,9.6,8.5,6.8,16.2,8.1,11.5,9.1
7/1/2011,9.1,4.2,3.6,2.3,9.5,8.4,7.7,15.9,8.0,11.2,9.0
8/1/2011,9.3,4.2,3.9,1.9,9.4,8.5,7.1,16.4,7.9,11.2,9.0
9/1/2011,9.4,4.2,3.6,2.1,9.3,8.7,7.8,15.9,7.9,11.2,9.0
10/1/2011,9.4,4.3,3.6,3.3,9.2,8.4,7.3,14.6,7.9,11.3,8.8
11/1/2011,8.8,4.4,3.8,3.2,8.9,8.3,6.5,15.6,7.7,11.2,8.6
12/1/2011,8.7,4.1,3.6,3.5,8.7,8.3,6.8,15.4,7.5,11.1,8.5
1/1/2012,8.5,4.3,3.9,3.4,8.4,8.2,6.7,13.6,7.4,10.7,8.3
2/1/2012,8.3,4.2,3.7,3.1,8.4,8.1,6.3,14.0,7.4,10.9,8.3
3/1/2012,8.1,4.1,3.5,2.5,8.4,8.0,6.2,14.0,7.3,10.6,8.2
4/1/2012,8.0,4.0,3.2,2.1,8.3,8.0,5.2,13.3,7.4,10.3,8.2
5/1/2012,8.3,3.9,2.9,2.5,8.4,7.9,5.2,13.5,7.4,10.9,8.2
6/1/2012,8.6,4.0,3.5,2.6,8.4,7.9,6.3,14.5,7.3,10.9,8.2
7/1/2012,8.5,4.1,4.3,2.7,8.3,8.0,6.2,14.2,7.3,10.2,8.2
8/1/2012,8.6,4.1,4.2,2.8,8.3,7.8,5.9,13.8,7.2,10.1,8.1
9/1/2012,8.5,4.0,3.3,2.3,8.0,7.6,4.8,13.6,7.0,9.7,7.8
10/1/2012,8.3,3.7,3.3,2.2,7.9,7.6,4.9,14.1,6.9,10.0,7.8
11/1/2012,8.0,3.9,3.3,2.1,7.9,7.6,6.4,13.3,6.8,9.9,7.7
12/1/2012,8.0,4.0,3.4,2.0,7.9,7.9,6.6,14.0,6.9,9.6,7.9
1/1/2013,8.1,3.8,3.5,2.7,8.2,7.8,6.5,13.7,7.1,9.7,8.0
2/1/2013,7.9,3.9,3.8,2.5,7.8,7.6,6.1,13.8,6.8,9.7,7.7
3/1/2013,7.7,3.8,3.2,1.9,7.6,7.5,5.0,13.0,6.7,9.3,7.5
4/1/2013,7.5,3.9,3.0,1.8,7.8,7.3,5.1,13.3,6.7,9.0,7.6
5/1/2013,7.3,3.9,3.4,1.9,7.9,7.1,4.3,13.4,6.7,9.0,7.5
6/1/2013,7.7,3.8,4.1,2.1,7.7,7.3,5.0,14.2,6.6,9.1,7.5
7/1/2013,7.5,3.8,4.1,3.3,7.7,6.8,5.7,12.6,6.5,9.4,7.3
8/1/2013,7.4,3.4,3.3,2.5,7.7,6.7,5.1,12.8,6.4,9.2,7.2
9/1/2013,7.6,3.7,3.1,2.0,7.7,6.7,5.3,13.0,6.3,8.8,7.2
10/1/2013,7.2,3.7,3.3,2.5,7.5,6.8,5.2,12.8,6.3,9.1,7.2
11/1/2013,7.2,3.4,3.1,1.4,7.2,6.7,5.3,12.3,6.1,8.7,6.9
12/1/2013,7.0,3.3,2.8,1.4,6.8,6.6,4.1,11.9,5.9,8.3,6.7
1/1/2014,6.5,3.3,3.0,1.7,6.8,6.3,4.8,12.1,5.7,8.3,6.6
2/1/2014,6.4,3.4,2.7,2.4,6.9,6.4,6.0,11.8,5.8,8.2,6.7
3/1/2014,6.3,3.4,3.0,2.4,6.7,6.6,5.4,12.1,5.8,7.9,6.7
4/1/2014,6.2,3.3,2.7,1.6,6.4,6.1,5.7,11.6,5.3,7.2,6.2
5/1/2014,6.5,3.2,2.7,2.3,6.4,6.2,5.3,11.4,5.4,7.7,6.3
6/1/2014,5.9,3.3,3.0,2.8,6.3,5.8,5.1,11.0,5.3,7.8,6.1
7/1/2014,6.1,3.1,3.2,1.8,6.2,6.1,4.5,11.6,5.3,7.7,6.2
8/1/2014,6.1,3.2,3.3,2.5,6.3,6.0,4.5,11.4,5.3,7.4,6.1
9/1/2014,5.4,2.9,2.7,1.5,5.9,6.0,4.3,11.0,5.1,6.8,5.9
10/1/2014,5.7,3.0,2.7,1.7,5.6,5.9,5.0,10.6,4.9,6.8,5.7
11/1/2014,5.7,3.2,2.6,2.2,5.9,5.8,4.8,10.9,5.0,6.6,5.8
12/1/2014,5.3,2.8,2.5,1.9,5.7,5.4,4.2,10.6,4.7,6.4,5.6
1/1/2015,5.4,2.8,2.7,1.8,5.8,5.5,4.1,10.3,4.9,6.7,5.7
2/1/2015,5.4,2.7,2.5,2.0,5.6,5.3,4.1,10.1,4.7,6.8,5.5
3/1/2015,5.3,2.4,1.9,1.7,5.6,5.3,3.1,9.9,4.8,6.8,5.4
4/1/2015,5.5,2.7,2.1,2.0,5.5,5.4,4.2,9.7,4.7,6.8,5.4
5/1/2015,5.8,2.8,2.1,1.6,5.7,5.5,3.9,10.3,4.8,6.8,5.6
6/1/2015,5.4,2.5,2.6,2.1,5.3,5.1,4.1,9.7,4.6,6.7,5.3
7/1/2015,5.5,2.5,3.3,1.6,5.2,5.2,4.2,9.1,4.5,6.9,5.2
8/1/2015,5.5,2.4,2.6,1.4,5.1,5.0,3.4,9.4,4.4,6.6,5.1
9/1/2015,5.3,2.5,2.2,2.1,5.1,5.0,3.5,9.3,4.4,6.2,5.0
10/1/2015,5.2,2.5,2.4,1.6,5.1,5.0,3.5,9.0,4.4,6.3,5.0
11/1/2015,5.4,2.5,2.5,1.4,5.2,5.0,3.9,9.4,4.4,6.4,5.1
12/1/2015,5.6,2.5,2.3,1.6,5.1,4.9,4.0,8.5,4.4,6.2,5.0
1/1/2016,5.1,2.5,2.4,1.3,4.8,4.9,3.7,8.5,4.2,5.9,4.8
2/1/2016,5.1,2.5,2.2,1.0,4.9,4.8,3.9,8.6,4.2,5.5,4.9
3/1/2016,5.3,2.6,2.5,1.6,4.9,5.1,3.9,8.9,4.3,5.6,5.0
4/1/2016,5.5,2.5,1.8,1.6,5.1,5.0,3.6,8.8,4.4,6.2,5.1
5/1/2016,5.1,2.5,1.9,2.1,4.8,4.8,3.9,8.2,4.2,5.7,4.8
6/1/2016,5.1,2.5,2.6,1.4,4.9,4.8,3.7,8.7,4.3,6.0,4.9
7/1/2016,5.1,2.4,3.2,2.0,5.0,4.5,4.1,8.2,4.2,5.4,4.8
8/1/2016,5.0,2.6,3.0,2.1,5.0,4.8,4.2,8.0,4.4,5.6,4.9
9/1/2016,5.2,2.5,2.6,1.5,5.1,4.8,3.8,8.5,4.4,6.2,5.0
10/1/2016,5.5,2.6,2.1,2.0,5.0,4.7,3.3,8.5,4.4,5.7,4.9
11/1/2016,5.0,2.4,1.9,1.2,4.9,4.6,3.0,8.2,4.2,5.6,4.7
12/1/2016,5.1,2.5,2.1,1.9,4.8,4.6,2.6,8.0,4.2,5.8,4.7
1/1/2017,5.2,2.5,2.4,1.2,4.7,4.7,3.8,7.5,4.2,5.8,4.7
2/1/2017,4.9,2.4,1.9,2.1,4.6,4.6,3.5,8.0,4.0,5.6,4.6
3/1/2017,4.9,2.5,2.2,1.4,4.5,4.3,3.2,7.8,3.8,5.0,4.4
4/1/2017,4.6,2.5,2.0,0.8,4.4,4.5,3.1,7.7,3.9,5.2,4.4
5/1/2017,4.7,2.3,2.1,0.7,4.3,4.4,3.5,7.7,3.7,5.2,4.4
6/1/2017,4.5,2.3,2.8,0.9,4.3,4.3,3.8,6.9,3.8,5.0,4.3
7/1/2017,4.5,2.3,2.8,1.7,4.4,4.2,4.0,7.3,3.8,5.1,4.3
8/1/2017,5.0,2.4,2.9,2.4,4.5,4.3,4.0,7.7,3.9,5.1,4.4
9/1/2017,4.3,2.3,2.0,1.5,4.3,4.2,3.5,7.2,3.7,5.1,4.3
10/1/2017,4.2,2.1,1.7,1.8,4.3,4.0,2.9,7.6,3.6,5.0,4.2
11/1/2017,4.4,2.1,1.8,1.4,4.3,4.1,3.0,7.5,3.7,4.9,4.2
12/1/2017,4.2,2.2,1.8,1.6,4.2,4.1,2.4,6.7,3.7,5.0,4.1
1/1/2018,4.5,2.1,2.3,1.5,4.1,4.0,3.1,7.5,3.5,4.9,4.0
2/1/2018,4.5,2.2,2.2,2.0,4.0,4.1,3.0,6.8,3.6,4.9,4.1
3/1/2018,4.3,2.2,1.8,2.2,4.0,4.0,3.0,6.7,3.5,4.9,4.0
4/1/2018,4.3,2.1,1.6,1.5,4.1,3.8,2.7,6.3,3.6,4.7,4.0
5/1/2018,3.9,2.0,1.7,1.6,4.0,3.6,2.0,5.9,3.5,4.8,3.8
6/1/2018,4.0,2.3,2.6,1.9,4.1,3.9,3.4,6.4,3.5,4.6,4.0
7/1/2018,4.0,2.2,3.0,1.6,3.8,3.8,3.3,6.5,3.4,4.5,3.8
8/1/2018,3.9,2.0,2.9,1.8,3.9,3.8,3.0,6.3,3.5,4.7,3.8
9/1/2018,3.7,2.0,1.9,1.6,3.8,3.6,3.5,6.1,3.3,4.6,3.7
10/1/2018,4.0,2.0,1.9,1.0,3.9,3.8,3.1,6.5,3.4,4.4,3.8
11/1/2018,3.5,2.2,2.0,0.9,3.7,3.8,2.7,6.1,3.4,4.7,3.8
12/1/2018,3.8,2.2,2.1,1.3,4.0,3.8,3.1,6.7,3.4,4.5,3.9
1/1/2019,3.8,2.4,2.2,1.3,4.0,3.9,3.2,7.0,3.5,4.7,4.0
2/1/2019,3.8,2.2,1.8,1.4,3.8,3.8,3.2,7.1,3.2,4.3,3.8
3/1/2019,3.7,2.1,1.8,1.1,3.9,3.7,3.0,6.5,3.3,4.5,3.8
4/1/2019,3.4,2.1,1.5,0.9,3.8,3.5,2.1,6.5,3.2,4.1,3.6
5/1/2019,3.5,2.1,1.7,1.0,3.7,3.6,2.3,6.1,3.3,4.2,3.6
6/1/2019,3.8,2.1,2.4,1.2,3.6,3.6,2.3,5.8,3.3,4.3,3.6
7/1/2019,3.6,2.2,2.9,0.9,3.7,3.7,3.0,5.8,3.3,4.4,3.7
8/1/2019,3.5,2.0,2.5,1.6,3.7,3.6,2.9,5.4,3.5,4.2,3.7
9/1/2019,3.5,2.0,1.8,0.9,3.6,3.4,2.4,5.4,3.2,4.0,3.5
10/1/2019,3.7,2.1,2.0,0.6,3.7,3.5,2.8,5.6,3.3,4.2,3.6
11/1/2019,3.7,1.9,2.1,1.1,3.6,3.6,2.6,5.6,3.2,4.3,3.6
12/1/2019,3.7,2.0,1.8,1.1,3.5,3.6,2.4,6.0,3.2,4.3,3.6
1/1/2020,3.9,2.0,2.0,0.9,3.5,3.5,3.2,6.3,3.1,4.3,3.5
2/1/2020,3.7,1.9,1.7,1.2,3.5,3.4,2.5,6.0,3.0,4.4,3.5
3/1/2020,4.4,2.5,2.5,1.9,4.4,4.4,4.1,6.8,3.9,5.9,4.4
4/1/2020,17.6,8.4,6.7,3.2,13.5,16.1,14.3,16.6,14.1,18.8,14.7
5/1/2020,15.8,7.4,5.6,3.5,12.1,14.5,14.8,16.8,12.3,17.6,13.2
6/1/2020,12.2,6.8,5.6,4.5,10.5,11.6,13.9,15.2,10.0,14.5,11.0
7/1/2020,10.7,6.7,6.0,3.6,9.7,10.7,12.2,14.4,9.2,12.8,10.2
8/1/2020,9.7,5.2,4.9,3.7,8.3,8.6,10.7,12.8,7.4,10.6,8.4
9/1/2020,9.1,4.7,3.9,2.0,7.7,8.1,8.8,12.1,7.0,10.4,7.9
10/1/2020,8.2,4.2,3.6,1.9,7.0,6.8,7.5,10.9,6.0,8.9,6.9
11/1/2020,7.9,4.2,3.5,1.9,7.0,6.4,6.7,10.4,6.0,8.6,6.7
12/1/2020,7.9,3.8,3.5,1.4,6.7,6.7,5.8,10.0,6.1,9.4,6.7
1/1/2021,7.1,4.0,3.7,2.3,6.4,6.3,6.8,9.2,5.7,8.6,6.4
2/1/2021,7.1,3.8,3.6,1.6,6.4,6.1,5.1,9.8,5.5,8.4,6.2
3/1/2021,6.6,3.7,3.6,1.6,6.2,5.9,5.9,9.5,5.3,7.7,6.0
4/1/2021,6.9,3.5,2.7,1.2,6.2,5.8,5.6,9.7,5.3,7.7,6.0
5/1/2021,6.9,3.1,2.5,1.4,6.0,5.5,5.5,9.1,5.1,7.1,5.8
6/1/2021,6.9,3.4,2.9,2.8,6.0,5.7,5.9,9.2,5.3,7.2,5.9
7/1/2021,6.2,3.1,3.2,1.2,5.6,5.2,5.5,8.2,4.8,6.4,5.4
8/1/2021,5.9,2.7,2.5,1.7,5.3,5.0,4.6,8.7,4.5,6.2,5.2
9/1/2021,5.7,2.5,2.1,1.6,5.0,4.5,4.1,7.8,4.2,6.1,4.7
10/1/2021,5.4,2.4,1.8,1.2,4.5,4.6,4.1,7.8,3.9,5.7,4.6
11/1/2021,5.2,2.2,1.5,0.9,4.2,4.2,3.7,6.5,3.7,5.2,4.2
12/1/2021,4.6,2.1,1.2,1.1,3.9,3.9,3.6,7.1,3.2,4.9,3.9
